id,name,unitTypeId
1,Pitch 1,1
2,Pitch 2,1
3,Pitch 3,1
4,Pitch 4,1
5,Pitch 5,1
6,Pitch 6,1
7,Pitch 7,1
8,Pitch 8,1
9,Pitch 9,1
10,Pitch 10,1
11,Pitch 11,1
12,Pitch 12,1
13,Pitch 13,2
14,Pitch 14,2
15,Pitch 15,2
16,Pitch 16,2
17,Pitch 17,2
18,Pitch 18,2
19,Pitch 19,2
20,Pitch 20,2
21,Pitch 21,2
22,Pitch 22,2
23,Pitch 23,2
24,Pitch 24,2
25,Pitch 25,2
26,Pitch 26,2
27,Pitch 27,2
28,Pitch 28,2
29,Pitch 29,2
30,Pitch 30,2
31,Pitch 31,2
32,Pitch 32,2
33,Pitch 33,2
34,Pitch 34,2
35,Pitch 35,2
36,Pitch 36,2
37,Pitch 37,2
38,Pitch 38,2
39,Pitch 39,2
40,Pitch 40,2
41,Pitch 41,2
42,Pitch 42,2
43,Pitch 43,2
44,Pitch 44,2
45,Pitch 45,2
46,Pitch 46,2
47,Pitch 47,2
48,Pitch 48,2
49,Pitch 49,2
50,Pitch 50,2
51,Pitch 51,2
52,Pitch 52,2
53,Pitch 53,2
54,Pitch 54,2
55,Pitch 55,2
56,Pitch 56,2
57,Pitch 57,2
58,Pitch 58,2
59,Pitch 59,2
60,Pitch 60,2
61,Pitch 61,2
62,Pitch 62,2
63,Pitch 63,3
64,Pitch 64,3
65,Pitch 65,3
66,Pitch 66,3
67,Pitch 67,3
68,Pitch 68,3
69,Pitch 69,3
70,Pitch 70,3
71,Pitch 71,3
72,Pitch 72,3
73,Pitch 73,3
74,Pitch 74,3
75,Pitch 75,3
76,Pitch 76,3
77,Pitch 77,3
78,Pitch 78,3
79,Pitch 79,3
80,Pitch 80,3
81,Pitch 81,3
82,Pitch 82,3
83,Pitch 83,3
84,Pitch 84,3
85,Pitch 85,3
86,Pitch 86,4
87,Pitch 87,4
88,Pitch 88,4
89,Pitch 89,4
90,Pitch 90,4
91,Pitch 91,4
92,Pitch 92,4
93,Pitch 93,4
94,Pitch 94,4
95,Pitch 95,4
96,Pitch 96,4
97,Pitch 97,4
98,Pitch 98,4
99,Pitch 99,4
100,Pitch 100,4
101,Pitch 101,4
102,Pitch 102,4
103,Pitch 103,4
104,Pitch 104,4
105,Pitch 105,4
106,Unpowered 1,5
107,Unpowered 2,5
108,Unpowered 3,5
109,Unpowered 4,5
110,Unpowered 5,5
111,Unpowered 6,5
112,Unpowered 7,5
113,Unpowered 8,5
114,Unpowered 9,5
115,Unpowered 10,5
116,Unpowered 11,5
117,Unpowered 12,5
118,Unpowered 13,5
119,Unpowered 14,5
120,Unpowered 15,5
121,Unpowered 16,5
122,Unpowered 17,5
123,Unpowered 18,5
124,Unpowered 19,5
125,Unpowered 20,5
126,Unpowered 21,5
127,Unpowered 22,5
128,Unpowered 23,5
129,Unpowered 24,5
130,Unpowered 25,5
131,Unpowered 26,5
132,Unpowered 27,5
133,Unpowered 28,5
134,Unpowered 29,5
135,Unpowered 30,5
136,Unpowered 31,5
137,Unpowered 32,5
138,Unpowered 33,5
139,Unpowered 34,5
140,Unpowered 35,5
141,Unpowered 36,5
142,Unpowered 37,5
143,Unpowered 38,5
144,Unpowered 39,5
145,Unpowered 40,5
146,Unpowered 41,5
147,Unpowered 42,5
148,Unpowered 43,5
149,Unpowered 44,5
150,Unpowered 45,5
151,Unpowered 46,5
152,Unpowered 47,5
153,Unpowered 48,5
154,Unpowered 49,5
155,Unpowered 50,5
156,Unpowered 51,5
157,Unpowered 52,5
158,Unpowered 53,5
159,Unpowered 54,5
160,Unpowered 55,5
161,Unpowered 56,5
162,Unpowered 57,5
163,Unpowered 58,5
164,Unpowered 59,5
165,Unpowered 60,5
166,Unpowered 61,5
167,Unpowered 62,5
168,Unpowered 63,5
169,Unpowered 64,5
170,Unpowered 65,5
171,Unpowered 66,5
172,Unpowered 67,5
173,Unpowered 68,5
174,Unpowered 69,5
175,Unpowered 70,5
176,Unpowered 71,5
177,Unpowered 72,5
178,Unpowered 73,5
179,Unpowered 74,5
180,Unpowered 75,5
181,Unpowered 76,5
182,Unpowered 77,5
183,Unpowered 78,5
184,Unpowered 79,5
185,Unpowered 80,5
186,Unpowered 81,5
187,Unpowered 82,5
188,Unpowered 83,5
189,Unpowered 84,5
190,Unpowered 85,5
191,Unpowered 86,5
192,Unpowered 87,5
193,Unpowered 88,5
194,Unpowered 89,5
195,Unpowered 90,5
196,Unpowered 91,5
197,Unpowered 92,5
198,Unpowered 93,5
199,Unpowered 94,5
200,Unpowered 95,5
201,Unpowered 96,5
202,Unpowered 97,5
203,Unpowered 98,5
204,Unpowered 99,5
205,Unpowered 100,5
206,Unpowered 101,5
207,Unpowered 102,5
208,Unpowered 103,5
209,Unpowered 104,5
210,Unpowered 105,5
211,Unpowered 106,5
212,Unpowered 107,5
213,Unpowered 108,5
214,Unpowered 109,5
215,Unpowered 110,5
216,Unpowered 111,5
217,Unpowered 112,5
218,Unpowered 113,5
219,Unpowered 114,5
220,Unpowered 115,5
221,Unpowered 116,5
222,Unpowered 117,5
223,Unpowered 118,5
224,Unpowered 119,5
225,Unpowered 120,5
226,Unpowered 121,5
227,Unpowered 122,5
228,Unpowered 123,5
229,Unpowered 124,5
230,Unpowered 125,5
231,Unpowered 126,5
232,Unpowered 127,5
233,Unpowered 128,5
234,Unpowered 129,5
235,Unpowered 130,5
236,Unpowered 131,5
237,Unpowered 132,5
238,Unpowered 133,5
239,Unpowered 134,5
240,Unpowered 135,5
241,Unpowered 136,5
242,Unpowered 137,5
243,Unpowered 138,5
244,Unpowered 139,5
245,Unpowered 140,5
246,Unpowered 141,5
247,Unpowered 142,5
248,Unpowered 143,5
249,Unpowered 144,5
250,Unpowered 145,5
251,Unpowered 146,5
252,Unpowered 147,5
253,Unpowered 148,5
254,Unpowered 149,5
255,Unpowered 150,5
256,Unpowered 151,5
257,Unpowered 152,5
258,Unpowered 153,5
259,Unpowered 154,5
260,Unpowered 155,5
261,Unpowered 156,5
262,Unpowered 157,5
263,Unpowered 158,5
264,Unpowered 159,5
265,Unpowered 160,5
266,Unpowered 161,5
267,Unpowered 162,5
268,Unpowered 163,5
269,Unpowered 164,5
270,Unpowered 165,5
271,Unpowered 166,5
272,Unpowered 167,5
273,Unpowered 168,5
274,Unpowered 169,5
275,Unpowered 170,5
276,Unpowered 171,5
277,Unpowered 172,5
278,Unpowered 173,5
279,Unpowered 174,5
280,Unpowered 175,5
281,Unpowered 176,5
282,Unpowered 177,5
283,Unpowered 178,5
284,Unpowered 179,5
285,Unpowered 180,5
286,Unpowered 181,5
287,Unpowered 182,5
288,Unpowered 183,5
289,Unpowered 184,5
290,Unpowered 185,5
291,Unpowered 186,5
292,Unpowered 187,5
293,Unpowered 188,5
294,Unpowered 189,5
295,Unpowered 190,5
296,Unpowered 191,5
297,Unpowered 192,5
298,Unpowered 193,5
299,Unpowered 194,5
300,Unpowered 195,5
301,Unpowered 196,5
302,Unpowered 197,5
303,Unpowered 198,5
304,Unpowered 199,5
305,Unpowered 200,5
306,Unpowered 201,5
307,Unpowered 202,5
308,Unpowered 203,5
309,Unpowered 204,5
310,Unpowered 205,5
311,Unpowered 206,5
312,Unpowered 207,5
313,Unpowered 208,5
314,Unpowered 209,5
315,Unpowered 210,5
316,Unpowered 211,5
317,Unpowered 212,5
318,Unpowered 213,5
319,Unpowered 214,5
320,Unpowered 215,5
321,Unpowered 216,5
322,Unpowered 217,5
323,Unpowered 218,5
324,Unpowered 219,5
325,Unpowered 220,5
326,Unpowered 221,5
327,Unpowered 222,5
328,Unpowered 223,5
329,Unpowered 224,5
330,Unpowered 225,5
331,Unpowered 226,5
332,Unpowered 227,5
333,Unpowered 228,5
334,Unpowered 229,5
335,Unpowered 230,5
336,Unpowered 231,5
337,Unpowered 232,5
338,Unpowered 233,5
339,Unpowered 234,5
340,Unpowered 235,5
341,Unpowered 236,5
342,Unpowered 237,5
343,Unpowered 238,5
344,Unpowered 239,5
345,Unpowered 240,5
346,Unpowered 241,5
347,Unpowered 242,5
348,Unpowered 243,5
349,Unpowered 244,5
350,Unpowered 245,5
351,Unpowered 246,5
352,Unpowered 247,5
353,Unpowered 248,5
354,Unpowered 249,5
355,Unpowered 250,5
356,Unpowered 251,5
357,Unpowered 252,5
358,Unpowered 253,5
359,Unpowered 254,5
360,Unpowered 255,5
361,Unpowered 256,5
362,Unpowered 257,5
363,Unpowered 258,5
364,Unpowered 259,5
365,Unpowered 260,5
366,Unpowered 261,5
367,Unpowered 262,5
368,Unpowered 263,5
369,Unpowered 264,5
370,Unpowered 265,5
371,Unpowered 266,5
372,Unpowered 267,5
373,Unpowered 268,5
374,Unpowered 269,5
375,Unpowered 270,5
376,Unpowered 271,5
377,Unpowered 272,5
378,Unpowered 273,5
379,Unpowered 274,5
380,Unpowered 275,5
381,Unpowered 276,5
382,Unpowered 277,5
383,Unpowered 278,5
384,Unpowered 279,5
385,Unpowered 280,5
386,Unpowered 281,5
387,Unpowered 282,5
388,Unpowered 283,5
389,Unpowered 284,5
390,Unpowered 285,5
391,Unpowered 286,5
392,Unpowered 287,5
393,Unpowered 288,5
394,Unpowered 289,5
395,Unpowered 290,5
396,Unpowered 291,5
397,Unpowered 292,5
398,Unpowered 293,5
399,Unpowered 294,5
400,Unpowered 295,5
401,Unpowered 296,5
402,Unpowered 297,5
403,Unpowered 298,5
404,Unpowered 299,5
405,Unpowered 300,5
406,Unpowered 301,5
407,Unpowered 302,5
408,Unpowered 303,5
409,Unpowered 304,5
410,Unpowered 305,5
411,Unpowered 306,5
412,Unpowered 307,5
413,Unpowered 308,5
414,Unpowered 309,5
415,Unpowered 310,5
416,Unpowered 311,5
417,Unpowered 312,5
418,Unpowered 313,5
419,Unpowered 314,5
420,Unpowered 315,5
421,Unpowered 316,5
422,Unpowered 317,5
423,Unpowered 318,5
424,Unpowered 319,5
425,Unpowered 320,5
426,Unpowered 321,5
427,Unpowered 322,5
428,Unpowered 323,5
429,Unpowered 324,5
430,Unpowered 325,5
431,Unpowered 326,5
432,Unpowered 327,5
433,Unpowered 328,5
434,Unpowered 329,5
435,Unpowered 330,5
436,Unpowered 331,5
437,Unpowered 332,5
438,Unpowered 333,5
439,Unpowered 334,5
440,Unpowered 335,5
441,Unpowered 336,5
442,Unpowered 337,5
443,Unpowered 338,5
444,Unpowered 339,5
445,Unpowered 340,5
446,Unpowered 341,5
447,Unpowered 342,5
448,Unpowered 343,5
449,Unpowered 344,5
450,Unpowered 345,5
451,Unpowered 346,5
452,Unpowered 347,5
453,Unpowered 348,5
454,Unpowered 349,5
455,Unpowered 350,5
456,Unpowered 351,5
457,Unpowered 352,5
458,Unpowered 353,5
459,Unpowered 354,5
460,Unpowered 355,5
461,Unpowered 356,5
462,Unpowered 357,5
463,Unpowered 358,5
464,Unpowered 359,5
465,Unpowered 360,5
466,Unpowered 361,5
467,Unpowered 362,5
468,Unpowered 363,5
469,Unpowered 364,5
470,Unpowered 365,5
471,Unpowered 366,5
472,Unpowered 367,5
473,Unpowered 368,5
474,Unpowered 369,5
475,Unpowered 370,5
476,Unpowered 371,5
477,Unpowered 372,5
478,Unpowered 373,5
479,Unpowered 374,5
480,Unpowered 375,5
481,Unpowered 376,5
482,Unpowered 377,5
483,Unpowered 378,5
484,Unpowered 379,5
485,Unpowered 380,5
486,Unpowered 381,5
487,Unpowered 382,5
488,Unpowered 383,5
489,Unpowered 384,5
490,Unpowered 385,5
491,Unpowered 386,5
492,Unpowered 387,5
493,Unpowered 388,5
494,Unpowered 389,5
495,Unpowered 390,5
496,Unpowered 391,5
497,Unpowered 392,5
498,Unpowered 393,5
499,Unpowered 394,5
500,Unpowered 395,5
501,Unpowered 396,5
502,Unpowered 397,5
503,Unpowered 398,5
504,Unpowered 399,5
505,Unpowered 400,5
506,The Barns,6